{
	"partitions" : [
		{
			"name" : "Top",
			"pins" : [
				{
					"name" : "leds[9]",
					"strict" : false
				},
				{
					"name" : "leds[8]",
					"strict" : false
				},
				{
					"name" : "leds[7]",
					"strict" : false
				},
				{
					"name" : "leds[6]",
					"strict" : false
				},
				{
					"name" : "leds[5]",
					"strict" : false
				},
				{
					"name" : "leds[4]",
					"strict" : false
				},
				{
					"name" : "leds[3]",
					"strict" : false
				},
				{
					"name" : "leds[2]",
					"strict" : false
				},
				{
					"name" : "leds[1]",
					"strict" : false
				},
				{
					"name" : "leds[0]",
					"strict" : false
				},
				{
					"name" : "segments[6]",
					"strict" : false
				},
				{
					"name" : "segments[5]",
					"strict" : false
				},
				{
					"name" : "segments[4]",
					"strict" : false
				},
				{
					"name" : "segments[3]",
					"strict" : false
				},
				{
					"name" : "segments[2]",
					"strict" : false
				},
				{
					"name" : "segments[1]",
					"strict" : false
				},
				{
					"name" : "segments[0]",
					"strict" : false
				},
				{
					"name" : "count[1]",
					"strict" : false
				},
				{
					"name" : "count[3]",
					"strict" : false
				},
				{
					"name" : "count[2]",
					"strict" : false
				},
				{
					"name" : "count[0]",
					"strict" : false
				},
				{
					"name" : "number[0]",
					"strict" : false
				},
				{
					"name" : "number[1]",
					"strict" : false
				},
				{
					"name" : "number[2]",
					"strict" : false
				},
				{
					"name" : "number[3]",
					"strict" : false
				}
			]
		}
	]
}